706.02002	54493.94148
706.02502	0.00000
706.03002	0.00000
706.03502	0.00000
706.04002	0.00000
706.04502	31497.86745
706.05002	138277.38634
706.05502	114267.55660
706.06002	155644.85449
706.06502	591268.64504
706.07002	445563.34489
706.07502	29505.46864
706.08002	0.00000
706.08502	0.00000
706.09002	0.00000
706.09502	0.00000
706.10002	0.00000
706.10502	0.00000
706.11002	0.00000
706.11502	0.00000
706.12002	0.00000
706.12502	0.00000
706.13002	0.00000
706.13502	0.00000
706.14002	0.00000
706.14502	0.00000
706.15002	0.00000
706.15502	0.00000
706.16002	0.00000
706.16502	0.00000
706.17002	0.00000
706.17502	0.00000
706.18002	0.00000
706.18502	0.00000
706.19002	0.00000
706.19502	0.00000
706.20002	0.00000
706.20502	243470.85308
706.21002	698647.74821
706.21502	420236.78077
706.22002	5236.42766
706.22502	0.00000
706.23002	60176.91608
706.23502	180359.81489
706.24002	68950.68376
706.24502	0.00000
706.25002	0.00000
706.25502	0.00000
706.26002	0.00000
706.26502	0.00000
706.27002	0.00000
706.27502	0.00000
706.28002	0.00000
706.28502	0.00000
706.29002	0.00000
706.29502	0.00000
706.30002	0.00000
706.30502	0.00000
706.31002	0.00000
706.31502	0.00000
706.32002	62840.64192
706.32502	117045.41955
706.33002	58653.83333
706.33502	609440.93458
706.34002	1519793.69349
706.34502	1241629.74848
706.35002	322735.04766
706.35502	15953.14808
706.36002	0.00000
706.36502	32492.19693
706.37002	231557.21464
706.37502	340890.53634
706.38002	129318.94867
706.38502	29849.08830
706.39002	142018.51160
706.39502	204914.52315
706.40002	21088.30617
706.40502	322557.61315
706.41002	3023283.89880
706.41502	7396857.31272
706.42002	4152366.40214
706.42502	1086507.48238
706.43002	1414598.76671
706.43502	1004414.95224
706.44002	270223.85569
706.44502	4579.85650
706.45002	0.00000
706.45502	0.00000
706.46002	0.00000
706.46502	0.00000
706.47002	0.00000
706.47502	0.00000
706.48002	0.00000
706.48502	0.00000
706.49002	0.00000
706.49502	0.00000
706.50002	0.00000
706.50502	0.00000
706.51002	0.00000
706.51502	0.00000
706.52002	0.00000
706.52502	0.00000
706.53002	0.00000
706.53502	0.00000
706.54002	0.00000
706.54502	0.00000
706.55002	0.00000
706.55502	0.00000
706.56002	0.00000
706.56502	0.00000
706.57002	38928.12331
706.57502	122325.05478
706.58002	82025.79894
706.58502	0.00000
706.59002	0.00000
706.59502	0.00000
706.60002	0.00000
706.60502	0.00000
706.61002	0.00000
706.61502	0.00000
706.62002	0.00000
706.62502	0.00000
706.63002	0.00000
706.63502	0.00000
706.64002	0.00000
706.64502	0.00000
706.65002	0.00000
706.65502	0.00000
706.66002	0.00000
706.66502	10480.97541
706.67002	441738.80963
706.67502	1368457.35748
706.68002	1339357.80233
706.68502	490694.31497
706.69002	225377.37149
706.69502	152969.10641
706.70002	118123.86670
706.70502	34471.07872
706.71002	0.00000
706.71502	0.00000
706.72002	0.00000
706.72502	0.00000
706.73002	0.00000
706.73502	0.00000
706.74002	0.00000
706.74502	0.00000
706.75002	0.00000
706.75502	0.00000
706.76002	0.00000
706.76502	0.00000
706.77002	0.00000
706.77502	0.00000
706.78002	0.00000
706.78502	0.00000
706.79002	0.00000
706.79502	0.00000
706.80002	0.00000
706.80502	53514.61553
706.81002	169341.56643
706.81502	151417.69661
706.82002	368343.35035
706.82502	346581.90152
706.83002	83056.20327
706.83502	0.00000
706.84002	0.00000
706.84502	0.00000
706.85002	19760.97381
706.85502	122112.25031
706.86002	75220.87240
706.86502	7289.75969
706.87002	0.00000
706.87502	0.00000
706.88002	0.00000
706.88502	0.00000
706.89002	100880.31717
706.89502	132556.90206
706.90002	9518.46620
706.90502	0.00000
706.91002	0.00000
706.91502	0.00000
706.92002	0.00000
706.92502	0.00000
706.93002	0.00000
706.93502	0.00000
706.94002	0.00000
706.94502	0.00000
706.95002	0.00000
706.95502	0.00000
706.96002	0.00000
706.96502	0.00000
706.97002	0.00000
706.97502	0.00000
706.98002	0.00000
706.98502	0.00000
706.99002	0.00000
706.99502	0.00000
707.00002	8175.17615
707.00502	244686.24322
707.01002	806240.88812
707.01502	526732.41220
707.02002	55613.11226
707.02502	24178.97694
707.03002	117465.66373
707.03502	110753.61135
707.04002	19713.89028
707.04502	0.00000
707.05002	0.00000
707.05502	0.00000
707.06002	0.00000
707.06502	0.00000
707.07002	0.00000
707.07502	0.00000
707.08002	0.00000
707.08502	0.00000
707.09002	0.00000
707.09502	0.00000
707.10002	0.00000
707.10502	0.00000
707.11002	0.00000
707.11502	0.00000
707.12002	0.00000
707.12502	0.00000
707.13002	0.00000
707.13502	0.00000
707.14002	0.00000
707.14502	0.00000
707.15002	0.00000
707.15502	0.00000
707.16002	104520.47209
707.16502	316159.60777
707.17002	249070.03846
707.17502	44151.82341
707.18002	0.00000
707.18502	0.00000
707.19002	32631.34377
707.19502	158287.44467
707.20002	108173.74865
707.20502	0.00000
707.21002	0.00000
707.21502	55385.70462
707.22002	113594.87580
707.22502	26071.68618
707.23002	0.00000
707.23502	0.00000
707.24002	0.00000
707.24502	0.00000
707.25002	0.00000
707.25502	0.00000
707.26002	0.00000
707.26502	0.00000
707.27002	0.00000
707.27502	0.00000
707.28002	0.00000
707.28502	0.00000
707.29002	0.00000
707.29502	0.00000
707.30002	0.00000
707.30502	0.00000
707.31002	5936.98368
707.31502	173506.16181
707.32002	549553.02213
707.32502	376407.87543
707.33002	73176.64520
707.33502	237547.89530
707.34002	586201.77276
707.34502	663786.68106
707.35002	428041.93147
707.35502	427040.58206
707.36002	446950.20051
707.36502	329161.58729
707.37002	242523.64278
707.37502	129808.91841
707.38002	127391.20255
707.38502	83680.48508
707.39002	0.00000
707.39502	0.00000
707.40002	0.00000
707.40502	377409.57812
707.41002	2209583.24547
707.41502	3227092.98032
707.42002	1822937.82291
707.42502	539416.70511
707.43002	419111.72357
707.43502	195119.55153
707.44002	18796.68698
707.44502	0.00000
707.45002	0.00000
707.45502	0.00000
707.46002	0.00000
707.46502	0.00000
707.47002	0.00000
707.47502	0.00000
707.48002	0.00000
707.48502	0.00000
707.49002	0.00000
707.49502	0.00000
707.50002	0.00000
707.50502	0.00000
707.51002	0.00000
707.51502	37254.60266
707.52002	132171.96566
707.52502	59300.39162
707.53002	6730.25551
707.53502	0.00000
707.54002	0.00000
707.54502	0.00000
707.55002	0.00000
707.55502	0.00000
707.56002	0.00000
707.56502	0.00000
707.57002	0.00000
707.57502	0.00000
707.58002	0.00000
707.58502	0.00000
707.59002	0.00000
707.59502	653.60175
707.60002	84604.69484
707.60502	104688.38769
707.61002	65782.59874
707.61502	0.00000
707.62002	0.00000
707.62502	0.00000
707.63002	0.00000
707.63502	0.00000
707.64002	0.00000
707.64502	0.00000
707.65002	0.00000
707.65502	0.00000
707.66002	0.00000
707.66502	0.00000
707.67002	0.00000
707.67502	50677.73379
707.68002	936494.09433
707.68502	3118092.35464
707.69002	3286511.25403
707.69502	937039.75906
707.70002	11310.14391
707.70502	0.00000
707.71002	0.00000
707.71502	0.00000
707.72002	0.00000
707.72502	0.00000
707.73002	0.00000
707.73502	0.00000
707.74002	0.00000
707.74502	10985.99709
707.75002	85721.53171
707.75502	81845.17937
707.76002	143264.72390
707.76502	256441.19700
707.77002	217329.90325
707.77502	100683.25721
707.78002	0.00000
707.78502	0.00000
707.79002	0.00000
707.79502	0.00000
707.80002	0.00000
707.80502	0.00000
707.81002	0.00000
707.81502	16311.96238
707.82002	254961.78486
707.82502	419245.63892
707.83002	208205.10820
707.83502	18583.38851
707.84002	0.00000
707.84502	0.00000
707.85002	0.00000
707.85502	0.00000
707.86002	0.00000
707.86502	0.00000
707.87002	0.00000
707.87502	0.00000
707.88002	0.00000
707.88502	0.00000
707.89002	0.00000
707.89502	0.00000
707.90002	0.00000
707.90502	0.00000
707.91002	0.00000
707.91502	0.00000
707.92002	0.00000
707.92502	0.00000
707.93002	0.00000
707.93502	0.00000
707.94002	45111.44034
707.94502	148939.58734
707.95002	106482.60611
707.95502	0.00000
707.96002	39564.22336
707.96502	115199.41369
707.97002	58701.02770
707.97502	0.00000
707.98002	0.00000
707.98502	0.00000
707.99002	0.00000
707.99502	0.00000
708.00002	31336.23704
708.00502	94362.98409
708.01002	73494.00374
708.01502	968194.51949
708.02002	3170522.03410
708.02502	2948014.62899
708.03002	681863.20759
708.03502	0.00000
708.04002	0.00000
708.04502	0.00000
708.05002	0.00000
708.05502	0.00000
708.06002	0.00000
708.06502	0.00000
708.07002	0.00000
708.07502	0.00000
708.08002	0.00000
708.08502	0.00000
708.09002	0.00000
708.09502	0.00000
708.10002	0.00000
708.10502	0.00000
708.11002	0.00000
708.11502	0.00000
708.12002	0.00000
708.12502	0.00000
708.13002	0.00000
708.13502	0.00000
708.14002	0.00000
708.14502	0.00000
708.15002	0.00000
708.15502	11690.85095
708.16002	143463.93304
708.16502	244930.67286
708.17002	70590.02554
708.17502	37427.77741
708.18002	136851.05330
708.18502	111207.67961
708.19002	4008.97929
708.19502	0.00000
708.20002	0.00000
708.20502	0.00000
708.21002	0.00000
708.21502	0.00000
708.22002	0.00000
708.22502	0.00000
708.23002	0.00000
708.23502	0.00000
708.24002	0.00000
708.24502	0.00000
708.25002	0.00000
708.25502	0.00000
708.26002	0.00000
708.26502	0.00000
708.27002	0.00000
708.27502	0.00000
708.28002	0.00000
708.28502	0.00000
708.29002	0.00000
708.29502	0.00000
708.30002	0.00000
708.30502	0.00000
708.31002	0.00000
708.31502	136410.34275
708.32002	716662.77149
708.32502	723495.28134
708.33002	196677.07505
708.33502	2904.81080
708.34002	20579.52550
708.34502	154714.54983
708.35002	815098.61994
708.35502	2013521.31539
708.36002	1656082.28923
708.36502	446235.22229
708.37002	182290.17024
708.37502	122304.59036
708.38002	68259.61600
708.38502	260168.19843
708.39002	196747.33134
708.39502	17439.30467
708.40002	500730.88243
708.40502	3872201.02620
708.41002	5467576.16027
708.41502	2090635.75784
708.42002	399434.06794
708.42502	11650.59396
708.43002	0.00000
708.43502	0.00000
708.44002	0.00000
708.44502	0.00000
708.45002	0.00000
708.45502	0.00000
708.46002	0.00000
708.46502	0.00000
708.47002	0.00000
708.47502	0.00000
708.48002	0.00000
708.48502	0.00000
708.49002	0.00000
708.49502	0.00000
708.50002	0.00000
708.50502	0.00000
708.51002	0.00000
708.51502	0.00000
708.52002	0.00000
708.52502	0.00000
708.53002	0.00000
708.53502	0.00000
708.54002	0.00000
708.54502	0.00000
708.55002	0.00000
708.55502	81365.26569
708.56002	269046.37654
708.56502	215586.81024
708.57002	42817.00444
708.57502	0.00000
708.58002	34902.26881
708.58502	109461.43965
708.59002	171684.95105
708.59502	158477.41018
708.60002	76309.56714
708.60502	0.00000
708.61002	0.00000
708.61502	0.00000
708.62002	0.00000
708.62502	0.00000
708.63002	0.00000
708.63502	0.00000
708.64002	0.00000
708.64502	0.00000
708.65002	0.00000
708.65502	0.00000
708.66002	0.00000
708.66502	0.00000
708.67002	2211.19164
708.67502	401353.98497
708.68002	2591613.19111
708.68502	20365295.33768
708.69002	41521580.86228
708.69502	19834464.16177
708.70002	2119482.81149
708.70502	304344.30033
708.71002	335303.16652
708.71502	90584.82118
708.72002	0.00000
708.72502	0.00000
708.73002	0.00000
708.73502	0.00000
708.74002	0.00000
708.74502	0.00000
708.75002	0.00000
708.75502	19166.69575
708.76002	169718.59639
708.76502	233530.90402
708.77002	88851.61959
708.77502	10933.18995
708.78002	0.00000
708.78502	0.00000
708.79002	0.00000
708.79502	0.00000
708.80002	0.00000
708.80502	0.00000
708.81002	46794.06459
708.81502	150526.80936
708.82002	114410.06058
708.82502	34908.28133
708.83002	141411.72634
708.83502	140168.44052
708.84002	264242.75515
708.84502	277634.19729
708.85002	135891.23420
708.85502	111331.32296
708.86002	58827.92884
708.86502	0.00000
708.87002	4219.37307
708.87502	129062.61498
708.88002	132427.63273
708.88502	1274.10452
708.89002	0.00000
708.89502	0.00000
708.90002	30131.74750
708.90502	406078.15087
708.91002	786171.15904
708.91502	328391.83184
708.92002	8845.04026
708.92502	0.00000
708.93002	0.00000
708.93502	0.00000
708.94002	0.00000
708.94502	0.00000
708.95002	0.00000
708.95502	11314.63038
708.96002	109811.79019
708.96502	105355.49382
708.97002	13666.86293
708.97502	0.00000
708.98002	0.00000
708.98502	0.00000
708.99002	0.00000
708.99502	0.00000
709.00002	0.00000
709.00502	20210.74438
709.01002	626305.79115
709.01502	6593168.60804
709.02002	33719369.67795
709.02502	48331537.74938
709.03002	17282183.28014
709.03502	1378627.57702
709.04002	409323.80300
709.04502	101665.01888
709.05002	0.00000
709.05502	0.00000
709.06002	0.00000
709.06502	0.00000
709.07002	0.00000
709.07502	0.00000
709.08002	0.00000
709.08502	0.00000
709.09002	0.00000
709.09502	0.00000
709.10002	0.00000
709.10502	0.00000
709.11002	0.00000
709.11502	0.00000
709.12002	0.00000
709.12502	79659.61225
709.13002	134159.21421
709.13502	49447.51670
709.14002	0.00000
709.14502	0.00000
709.15002	0.00000
709.15502	0.00000
709.16002	34753.92430
709.16502	141513.03166
709.17002	156080.67383
709.17502	36418.97234
709.18002	0.00000
709.18502	0.00000
709.19002	0.00000
709.19502	0.00000
709.20002	92936.07874
709.20502	151042.37512
709.21002	72459.64442
709.21502	0.00000
709.22002	0.00000
709.22502	0.00000
709.23002	0.00000
709.23502	0.00000
709.24002	0.00000
709.24502	0.00000
709.25002	0.00000
709.25502	0.00000
709.26002	0.00000
709.26502	0.00000
709.27002	0.00000
709.27502	0.00000
709.28002	0.00000
709.28502	0.00000
709.29002	0.00000
709.29502	0.00000
709.30002	0.00000
709.30502	0.00000
709.31002	0.00000
709.31502	0.00000
709.32002	0.00000
709.32502	0.00000
709.33002	0.00000
709.33502	23220.29502
709.34002	359198.66493
709.34502	842038.05664
709.35002	7629136.93058
709.35502	29225117.91481
709.36002	31212867.81179
709.36502	8832997.81434
709.37002	633619.17832
709.37502	207792.48557
709.38002	0.00000
709.38502	0.00000
709.39002	0.00000
709.39502	146883.82431
709.40002	3190963.01841
709.40502	9188191.21538
709.41002	7069169.32434
709.41502	1915019.39563
709.42002	1344279.15181
709.42502	1318966.13683
709.43002	312389.57079
709.43502	0.00000
709.44002	0.00000
709.44502	0.00000
709.45002	0.00000
709.45502	0.00000
709.46002	0.00000
709.46502	0.00000
709.47002	0.00000
709.47502	0.00000
709.48002	0.00000
709.48502	0.00000
709.49002	0.00000
709.49502	0.00000
709.50002	0.00000
709.50502	15440.94075
709.51002	101732.67262
709.51502	87570.13075
709.52002	13813.36532
709.52502	0.00000
709.53002	0.00000
709.53502	0.00000
709.54002	0.00000
709.54502	0.00000
709.55002	0.00000
709.55502	0.00000
709.56002	0.00000
709.56502	0.00000
709.57002	0.00000
709.57502	0.00000
709.58002	0.00000
709.58502	0.00000
709.59002	27439.55275
709.59502	122654.52745
709.60002	77970.69095
709.60502	5433.06983
709.61002	0.00000
709.61502	0.00000
709.62002	0.00000
709.62502	0.00000
709.63002	0.00000
709.63502	0.00000
709.64002	0.00000
709.64502	0.00000
709.65002	32378.90239
709.65502	101643.69746
709.66002	140599.58865
709.66502	190988.70051
709.67002	95225.13964
709.67502	0.00000
709.68002	433199.18280
709.68502	5582180.02738
709.69002	15478229.05622
709.69502	11886348.62486
709.70002	2489716.35495
709.70502	32390.76334
709.71002	0.00000
709.71502	0.00000
709.72002	67062.84020
709.72502	64949.98395
709.73002	0.00000
709.73502	0.00000
709.74002	0.00000
709.74502	122103.30409
709.75002	248886.13961
709.75502	130275.53471
709.76002	103563.99644
709.76502	44320.71881
709.77002	0.00000
709.77502	0.00000
709.78002	0.00000
709.78502	0.00000
709.79002	0.00000
709.79502	0.00000
709.80002	0.00000
709.80502	10742.15304
709.81002	151425.17991
709.81502	307333.54584
709.82002	118212.24761
709.82502	313.07496
709.83002	192555.69481
709.83502	365273.76531
709.84002	144689.07464
709.84502	6776.32164
709.85002	0.00000
709.85502	0.00000
709.86002	0.00000
709.86502	0.00000
709.87002	84455.46887
709.87502	116403.57174
709.88002	26874.60002
709.88502	32705.64546
709.89002	118242.86285
709.89502	46131.29715
709.90002	0.00000
709.90502	105723.00675
709.91002	189610.28619
709.91502	71854.95272
709.92002	6579.15417
709.92502	0.00000
709.93002	0.00000
709.93502	0.00000
709.94002	0.00000
709.94502	0.00000
709.95002	0.00000
709.95502	0.00000
709.96002	0.00000
709.96502	0.00000
709.97002	0.00000
709.97502	0.00000
709.98002	0.00000
709.98502	0.00000
709.99002	19926.44823
709.99502	343092.92268
710.00002	554353.82083
710.00502	199511.89290
710.01002	0.00000
710.01502	240153.41053
710.02002	2688168.04038
710.02502	5842913.27245
710.03002	3547185.69265
710.03502	554928.53472
710.04002	0.00000
710.04502	0.00000
710.05002	86936.89304
710.05502	276082.60133
710.06002	124496.31228
710.06502	4150.36411
710.07002	0.00000
710.07502	0.00000
710.08002	0.00000
710.08502	0.00000
710.09002	0.00000
710.09502	0.00000
710.10002	0.00000
710.10502	0.00000
710.11002	91681.13087
710.11502	95699.38569
710.12002	8153.69800
710.12502	0.00000
710.13002	0.00000
710.13502	0.00000
710.14002	0.00000
710.14502	0.00000
710.15002	0.00000
710.15502	0.00000
710.16002	0.00000
710.16502	0.00000
710.17002	0.00000
710.17502	0.00000
710.18002	0.00000
710.18502	0.00000
710.19002	43622.36743
710.19502	407145.11368
710.20002	551201.77751
710.20502	150099.92938
710.21002	0.00000
710.21502	0.00000
710.22002	0.00000
710.22502	0.00000
710.23002	0.00000
710.23502	0.00000
710.24002	0.00000
710.24502	0.00000
710.25002	0.00000
710.25502	74384.00522
710.26002	143504.95989
710.26502	77707.63445
710.27002	0.00000
710.27502	0.00000
710.28002	0.00000
710.28502	0.00000
710.29002	0.00000
710.29502	0.00000
710.30002	0.00000
710.30502	56913.61398
710.31002	643817.74927
710.31502	1291902.90865
710.32002	755616.00545
710.32502	242201.34913
710.33002	255541.00800
710.33502	100656.16983
710.34002	111013.78601
710.34502	49775.84084
710.35002	396487.38881
710.35502	1264979.53440
710.36002	1495305.16086
710.36502	885055.52607
710.37002	581824.93593
710.37502	326395.80233
710.38002	0.00000
710.38502	0.00000
710.39002	51657.54884
710.39502	1607715.23454
710.40002	6772117.40509
710.40502	8563186.37475
710.41002	3653553.43886
710.41502	487246.54185
710.42002	219505.87689
710.42502	575201.71509
710.43002	310931.03261
710.43502	16188.23967
710.44002	0.00000
710.44502	0.00000
710.45002	0.00000
710.45502	0.00000
710.46002	0.00000
710.46502	0.00000
710.47002	0.00000
710.47502	0.00000
710.48002	0.00000
710.48502	0.00000
710.49002	0.00000
710.49502	0.00000
710.50002	0.00000
710.50502	0.00000
710.51002	0.00000
710.51502	0.00000
710.52002	0.00000
710.52502	26734.56109
710.53002	158240.99743
710.53502	129704.90677
710.54002	94334.52644
710.54502	79160.68143
710.55002	4311.94238
710.55502	84847.51168
710.56002	82134.56130
710.56502	958.68578
710.57002	0.00000
710.57502	0.00000
710.58002	0.00000
710.58502	0.00000
710.59002	285445.54208
710.59502	1229771.75792
710.60002	1142237.20904
710.60502	182026.90590
710.61002	0.00000
710.61502	0.00000
710.62002	0.00000
710.62502	0.00000
710.63002	0.00000
710.63502	0.00000
710.64002	0.00000
710.64502	0.00000
710.65002	0.00000
710.65502	0.00000
710.66002	0.00000
710.66502	0.00000
710.67002	9145.45835
710.67502	474003.83065
710.68002	2288689.80744
710.68502	3132443.35457
710.69002	1494902.18545
710.69502	376581.07582
710.70002	341275.88977
710.70502	174234.33854
710.71002	22628.75297
710.71502	0.00000
710.72002	0.00000
710.72502	0.00000
710.73002	0.00000
710.73502	0.00000
710.74002	0.00000
710.74502	0.00000
710.75002	0.00000
710.75502	0.00000
710.76002	0.00000
710.76502	46281.34719
710.77002	100655.74692
710.77502	66569.17125
710.78002	0.00000
710.78502	0.00000
710.79002	328950.70232
710.79502	939775.73858
710.80002	568315.56643
710.80502	48668.01413
710.81002	95869.25459
710.81502	76444.49662
710.82002	31099.67213
710.82502	49725.02096
710.83002	107739.92077
710.83502	25805.09285
710.84002	0.00000
710.84502	110401.78111
710.85002	973552.48728
710.85502	2076222.05508
710.86002	963627.08860
710.86502	35945.40930
710.87002	573366.84724
710.87502	851348.93333
710.88002	296560.54906
710.88502	160329.31924
710.89002	109073.86742
710.89502	11350.07300
710.90002	0.00000
710.90502	0.00000
710.91002	0.00000
710.91502	0.00000
710.92002	0.00000
710.92502	0.00000
710.93002	0.00000
710.93502	0.00000
710.94002	0.00000
710.94502	0.00000
710.95002	0.00000
710.95502	0.00000
710.96002	0.00000
710.96502	0.00000
710.97002	0.00000
710.97502	0.00000
710.98002	0.00000
710.98502	7325.42685
710.99002	212604.43631
710.99502	484649.79362
711.00002	293405.94778
711.00502	203721.28399
711.01002	2486123.83839
711.01502	7592504.34212
711.02002	6143962.07644
711.02502	1385355.66230
711.03002	285004.73845
711.03502	294681.56357
711.04002	51012.70320
711.04502	0.00000
711.05002	61990.17914
711.05502	124565.64304
711.06002	44094.90252
711.06502	0.00000
711.07002	0.00000
711.07502	0.00000
711.08002	0.00000
711.08502	0.00000
711.09002	0.00000
711.09502	0.00000
711.10002	0.00000
711.10502	0.00000
711.11002	0.00000
711.11502	0.00000
711.12002	0.00000
711.12502	0.00000
711.13002	0.00000
711.13502	0.00000
711.14002	0.00000
711.14502	0.00000
711.15002	0.00000
711.15502	0.00000
711.16002	0.00000
711.16502	0.00000
711.17002	0.00000
711.17502	0.00000
711.18002	0.00000
711.18502	12385.00570
711.19002	388308.51342
711.19502	853154.55017
711.20002	456378.26072
711.20502	25761.63575
711.21002	0.00000
711.21502	0.00000
711.22002	0.00000
711.22502	0.00000
711.23002	0.00000
711.23502	0.00000
711.24002	0.00000
711.24502	0.00000
711.25002	0.00000
711.25502	0.00000
711.26002	0.00000
711.26502	0.00000
711.27002	0.00000
711.27502	0.00000
711.28002	0.00000
711.28502	0.00000
711.29002	0.00000
711.29502	0.00000
711.30002	0.00000
711.30502	167865.21159
711.31002	1187986.47777
711.31502	1500989.88629
711.32002	445525.15691
711.32502	10164.47093
711.33002	381156.92437
711.33502	402096.14167
711.34002	1593588.51563
711.34502	10957798.01528
711.35002	19467584.40917
711.35502	9669334.70958
711.36002	1491799.11294
711.36502	108814.21180
711.37002	219804.00042
711.37502	182779.91138
711.38002	57562.05688
711.38502	0.00000
711.39002	144566.15852
711.39502	2316446.79398
711.40002	4668930.40824
711.40502	3197324.09700
711.41002	914329.20565
711.41502	50365.93994
711.42002	0.00000
711.42502	0.00000
711.43002	0.00000
711.43502	5365.25845
711.44002	169503.32664
711.44502	133340.85995
711.45002	7540.38609
711.45502	0.00000
711.46002	0.00000
711.46502	0.00000
711.47002	0.00000
711.47502	42531.18651
711.48002	106775.17845
711.48502	62149.76463
711.49002	0.00000
711.49502	0.00000
711.50002	0.00000
711.50502	0.00000
711.51002	0.00000
711.51502	0.00000
711.52002	0.00000
711.52502	0.00000
711.53002	0.00000
711.53502	0.00000
711.54002	0.00000
711.54502	0.00000
711.55002	0.00000
711.55502	0.00000
711.56002	0.00000
711.56502	0.00000
711.57002	0.00000
711.57502	0.00000
711.58002	0.00000
711.58502	0.00000
711.59002	143317.67009
711.59502	221687.81563
711.60002	161220.43998
711.60502	58937.01444
711.61002	0.00000
711.61502	0.00000
711.62002	0.00000
711.62502	0.00000
711.63002	0.00000
711.63502	0.00000
711.64002	0.00000
711.64502	0.00000
711.65002	0.00000
711.65502	0.00000
711.66002	25967.73316
711.66502	157608.68376
711.67002	715395.33390
711.67502	8287292.57667
711.68002	28979735.53312
711.68502	26414552.29470
711.69002	5785601.50634
711.69502	86165.36153
711.70002	78420.85287
711.70502	92232.30118
711.71002	4421.89054
711.71502	0.00000
711.72002	0.00000
711.72502	0.00000
711.73002	0.00000
711.73502	0.00000
711.74002	0.00000
711.74502	0.00000
711.75002	0.00000
711.75502	0.00000
711.76002	0.00000
711.76502	0.00000
711.77002	0.00000
711.77502	0.00000
711.78002	0.00000
711.78502	0.00000
711.79002	0.00000
711.79502	0.00000
711.80002	0.00000
711.80502	0.00000
711.81002	0.00000
711.81502	0.00000
711.82002	0.00000
711.82502	0.00000
711.83002	0.00000
711.83502	0.00000
711.84002	0.00000
711.84502	22591.11149
711.85002	450403.39388
711.85502	1074165.50316
711.86002	640413.46806
711.86502	119713.79985
711.87002	0.00000
711.87502	0.00000
711.88002	0.00000
711.88502	0.00000
711.89002	0.00000
711.89502	29518.22329
711.90002	193517.94046
711.90502	228109.16451
711.91002	38387.39573
711.91502	0.00000
711.92002	0.00000
711.92502	0.00000
711.93002	0.00000
711.93502	41554.33711
711.94002	140475.44446
711.94502	93178.16119
711.95002	0.00000
711.95502	0.00000
711.96002	0.00000
711.96502	0.00000
711.97002	0.00000
711.97502	0.00000
711.98002	36808.56829
711.98502	106924.70184
711.99002	24150.14585
711.99502	87742.08708
712.00002	681733.73418
712.00502	4244930.13872
712.01002	27115964.18684
712.01502	48826490.80129
712.02002	23102602.18550
712.02502	2689861.72469
712.03002	49256.68087
712.03502	0.00000
712.04002	0.00000
712.04502	0.00000
712.05002	0.00000
712.05502	0.00000
712.06002	0.00000
712.06502	0.00000
712.07002	0.00000
712.07502	0.00000
712.08002	0.00000
712.08502	0.00000
712.09002	0.00000
712.09502	0.00000
712.10002	0.00000
712.10502	0.00000
712.11002	0.00000
712.11502	0.00000
712.12002	0.00000
712.12502	0.00000
712.13002	0.00000
712.13502	0.00000
712.14002	0.00000
712.14502	0.00000
712.15002	0.00000
712.15502	0.00000
712.16002	0.00000
712.16502	0.00000
712.17002	0.00000
712.17502	0.00000
712.18002	0.00000
712.18502	0.00000
712.19002	0.00000
712.19502	0.00000
712.20002	0.00000
712.20502	0.00000
712.21002	0.00000
712.21502	0.00000
712.22002	0.00000
712.22502	0.00000
712.23002	0.00000
712.23502	0.00000
712.24002	0.00000
712.24502	0.00000
712.25002	0.00000
712.25502	0.00000
712.26002	0.00000
712.26502	0.00000
712.27002	0.00000
712.27502	0.00000
712.28002	0.00000
712.28502	0.00000
712.29002	0.00000
712.29502	37954.08471
712.30002	116531.50924
712.30502	522312.73499
712.31002	1064305.62791
712.31502	654033.74087
712.32002	67615.66110
712.32502	0.00000
712.33002	238513.45970
712.33502	1579535.33990
712.34002	17154216.80199
712.34502	60177362.21368
712.35002	52554574.90100
712.35502	12268102.07390
712.36002	474914.81581
712.36502	149928.13815
712.37002	60127.39290
712.37502	0.00000
712.38002	0.00000
712.38502	0.00000
712.39002	236846.62542
712.39502	1401462.84585
712.40002	2001086.62944
712.40502	1345598.69275
712.41002	350230.02790
712.41502	31983.61755
712.42002	0.00000
712.42502	0.00000
712.43002	0.00000
712.43502	0.00000
712.44002	0.00000
712.44502	0.00000
712.45002	0.00000
712.45502	0.00000
712.46002	0.00000
712.46502	0.00000
712.47002	0.00000
712.47502	0.00000
712.48002	0.00000
712.48502	0.00000
712.49002	0.00000
712.49502	0.00000
712.50002	0.00000
712.50502	0.00000
712.51002	0.00000
712.51502	0.00000
712.52002	0.00000
712.52502	61120.59142
712.53002	130126.14784
712.53502	45418.85785
712.54002	0.00000
712.54502	0.00000
712.55002	0.00000
712.55502	0.00000
712.56002	0.00000
712.56502	0.00000
712.57002	0.00000
712.57502	44542.56676
712.58002	110983.53522
712.58502	78246.10577
712.59002	0.00000
712.59502	0.00000
712.60002	0.00000
712.60502	0.00000
712.61002	0.00000
712.61502	0.00000
712.62002	0.00000
712.62502	0.00000
712.63002	0.00000
712.63502	0.00000
712.64002	0.00000
712.64502	41392.02516
712.65002	97494.34770
712.65502	21470.15966
712.66002	11086.40453
712.66502	585260.92362
712.67002	6618058.51953
712.67502	42873514.34815
712.68002	78715734.20552
712.68502	35942257.62862
712.69002	3235862.46396
712.69502	0.00000
712.70002	0.00000
712.70502	0.00000
712.71002	0.00000
712.71502	0.00000
712.72002	0.00000
712.72502	0.00000
712.73002	0.00000
712.73502	0.00000
712.74002	0.00000
712.74502	0.00000
712.75002	0.00000
712.75502	0.00000
712.76002	0.00000
712.76502	0.00000
712.77002	0.00000
712.77502	0.00000
712.78002	0.00000
712.78502	0.00000
712.79002	0.00000
712.79502	0.00000
712.80002	0.00000
712.80502	0.00000
712.81002	0.00000
712.81502	0.00000
712.82002	0.00000
712.82502	0.00000
712.83002	0.00000
712.83502	0.00000
712.84002	138725.88493
712.84502	245448.06266
712.85002	198814.86597
712.85502	88063.67119
712.86002	42982.53859
712.86502	158588.08665
712.87002	127691.26381
712.87502	14266.18056
712.88002	0.00000
712.88502	0.00000
712.89002	50766.25704
712.89502	360781.51160
712.90002	508776.95164
712.90502	196139.36147
712.91002	0.00000
712.91502	0.00000
712.92002	0.00000
712.92502	0.00000
712.93002	0.00000
712.93502	0.00000
712.94002	0.00000
712.94502	79762.41188
712.95002	124578.87055
712.95502	40362.60209
712.96002	0.00000
712.96502	0.00000
712.97002	0.00000
712.97502	0.00000
712.98002	0.00000
712.98502	0.00000
712.99002	0.00000
712.99502	187490.43820
713.00002	1960456.37105
713.00502	19104669.55287
713.01002	62943198.59232
713.01502	58559854.56129
713.02002	13989750.99840
713.02502	257656.01035
713.03002	0.00000
713.03502	0.00000
713.04002	0.00000
713.04502	0.00000
713.05002	0.00000
713.05502	0.00000
713.06002	0.00000
713.06502	0.00000
713.07002	0.00000
713.07502	0.00000
713.08002	46529.23181
713.08502	161011.27414
713.09002	340768.64845
713.09502	191400.39888
713.10002	27497.18480
713.10502	0.00000
713.11002	0.00000
713.11502	0.00000
713.12002	0.00000
713.12502	0.00000
713.13002	0.00000
713.13502	0.00000
713.14002	0.00000
713.14502	0.00000
713.15002	0.00000
713.15502	0.00000
713.16002	0.00000
713.16502	0.00000
713.17002	0.00000
713.17502	0.00000
713.18002	0.00000
713.18502	0.00000
713.19002	0.00000
713.19502	0.00000
713.20002	0.00000
713.20502	0.00000
713.21002	0.00000
713.21502	0.00000
713.22002	0.00000
713.22502	61632.09844
713.23002	404874.14411
713.23502	610667.45511
713.24002	200235.86393
713.24502	0.00000
713.25002	0.00000
713.25502	0.00000
713.26002	0.00000
713.26502	0.00000
713.27002	0.00000
713.27502	0.00000
713.28002	0.00000
713.28502	0.00000
713.29002	0.00000
713.29502	0.00000
713.30002	65922.80817
713.30502	156210.08800
713.31002	131058.70270
713.31502	14445.47612
713.32002	52345.14788
713.32502	80655.40916
713.33002	534983.52047
713.33502	5511387.04446
713.34002	36062659.32440
713.34502	65833468.03694
713.35002	32085510.69770
713.35502	3986541.13444
713.36002	1098.43142
713.36502	0.00000
713.37002	0.00000
713.37502	0.00000
713.38002	15410.84766
713.38502	717873.73539
713.39002	5454403.37912
713.39502	9295569.33722
713.40002	4190002.90916
713.40502	736516.37753
713.41002	44502.74739
713.41502	0.00000
713.42002	0.00000
713.42502	0.00000
713.43002	0.00000
713.43502	0.00000
713.44002	0.00000
713.44502	0.00000
713.45002	0.00000
713.45502	76290.48114
713.46002	110656.69304
713.46502	41081.51525
713.47002	0.00000
713.47502	0.00000
713.48002	0.00000
713.48502	0.00000
713.49002	0.00000
713.49502	0.00000
713.50002	0.00000
713.50502	0.00000
713.51002	0.00000
713.51502	0.00000
713.52002	0.00000
713.52502	0.00000
713.53002	0.00000
713.53502	0.00000
713.54002	0.00000
713.54502	0.00000
713.55002	0.00000
713.55502	0.00000
713.56002	0.00000
713.56502	0.00000
713.57002	0.00000
713.57502	72156.70506
713.58002	119402.00943
713.58502	24513.21721
713.59002	0.00000
713.59502	0.00000
713.60002	0.00000
713.60502	0.00000
713.61002	0.00000
713.61502	0.00000
713.62002	0.00000
713.62502	0.00000
713.63002	0.00000
713.63502	0.00000
713.64002	0.00000
713.64502	0.00000
713.65002	0.00000
713.65502	0.00000
713.66002	201963.49695
713.66502	1368223.67797
713.67002	13707523.01129
713.67502	44546018.31455
713.68002	41762396.87809
713.68502	10714972.97039
713.69002	267997.50869
713.69502	0.00000
713.70002	0.00000
713.70502	0.00000
713.71002	0.00000
713.71502	0.00000
713.72002	0.00000
713.72502	0.00000
713.73002	0.00000
713.73502	0.00000
713.74002	0.00000
713.74502	0.00000
713.75002	0.00000
713.75502	0.00000
713.76002	53871.43441
713.76502	152430.84345
713.77002	67643.00482
713.77502	0.00000
713.78002	0.00000
713.78502	0.00000
713.79002	9866.54269
713.79502	286155.92368
713.80002	613680.28214
713.80502	334535.46086
713.81002	0.00000
713.81502	50383.87177
713.82002	113724.00771
713.82502	24683.27201
713.83002	0.00000
713.83502	15392.94923
713.84002	546003.32878
713.84502	1194514.20500
713.85002	572575.94541
713.85502	20699.02146
713.86002	365462.60162
713.86502	712919.50865
713.87002	332001.81019
713.87502	141630.48266
713.88002	204166.12320
713.88502	72706.14793
713.89002	80289.51223
713.89502	301587.30633
713.90002	232451.81042
713.90502	20276.53645
713.91002	0.00000
713.91502	0.00000
713.92002	0.00000
713.92502	0.00000
713.93002	960.48060
713.93502	70329.64153
713.94002	76805.38959
713.94502	4065.02954
713.95002	0.00000
713.95502	0.00000
713.96002	0.00000
713.96502	0.00000
713.97002	0.00000
713.97502	0.00000
713.98002	0.00000
713.98502	0.00000
713.99002	0.00000
713.99502	114892.80167
714.00002	3064053.31816
714.00502	20224996.73108
714.01002	37295767.53767
714.01502	18940613.77093
714.02002	2796683.86179
714.02502	387818.17636
714.03002	124829.15583
714.03502	0.00000
714.04002	0.00000
714.04502	0.00000
714.05002	0.00000
714.05502	0.00000
714.06002	0.00000
714.06502	0.00000
714.07002	0.00000
714.07502	0.00000
714.08002	0.00000
714.08502	0.00000
714.09002	0.00000
714.09502	0.00000
714.10002	0.00000
714.10502	0.00000
714.11002	0.00000
714.11502	0.00000
714.12002	0.00000
714.12502	0.00000
714.13002	0.00000
714.13502	0.00000
714.14002	0.00000
714.14502	0.00000
714.15002	0.00000
714.15502	0.00000
714.16002	0.00000
714.16502	0.00000
714.17002	0.00000
714.17502	32565.94623
714.18002	102517.87443
714.18502	72274.66307
714.19002	0.00000
714.19502	0.00000
714.20002	0.00000
714.20502	17057.07736
714.21002	83847.45959
714.21502	77177.98433
714.22002	0.00000
714.22502	0.00000
714.23002	0.00000
714.23502	0.00000
714.24002	0.00000
714.24502	0.00000
714.25002	0.00000
714.25502	0.00000
714.26002	0.00000
714.26502	0.00000
714.27002	0.00000
714.27502	0.00000
714.28002	0.00000
714.28502	0.00000
714.29002	0.00000
714.29502	0.00000
714.30002	0.00000
714.30502	0.00000
714.31002	0.00000
714.31502	0.00000
714.32002	0.00000
714.32502	0.00000
714.33002	259515.66621
714.33502	5724036.09139
714.34002	19914154.39666
714.34502	19909327.88903
714.35002	5774100.17297
714.35502	717309.64035
714.36002	598289.70380
714.36502	130737.20522
714.37002	0.00000
714.37502	0.00000
714.38002	0.00000
714.38502	4728.29708
714.39002	810651.22273
714.39502	3027005.79774
714.40002	2667736.62425
714.40502	756490.46262
714.41002	157116.19320
714.41502	86646.20556
714.42002	0.00000
714.42502	0.00000
714.43002	31668.82748
714.43502	143926.19340
714.44002	53634.78076
714.44502	0.00000
714.45002	0.00000
714.45502	0.00000
714.46002	0.00000
714.46502	0.00000
714.47002	0.00000
714.47502	0.00000
714.48002	0.00000
714.48502	0.00000
714.49002	0.00000
714.49502	0.00000
714.50002	0.00000
714.50502	0.00000
714.51002	0.00000
714.51502	0.00000
714.52002	8831.36781
714.52502	84277.96839
714.53002	120814.02038
714.53502	26920.74575
714.54002	0.00000
714.54502	0.00000
714.55002	2299.98515
714.55502	83793.30246
714.56002	91519.09070
714.56502	6063.97229
714.57002	0.00000
714.57502	133378.69980
714.58002	525232.58699
714.58502	434092.98768
714.59002	225675.75134
714.59502	183910.91195
714.60002	36730.20035
714.60502	0.00000
714.61002	0.00000
714.61502	0.00000
714.62002	0.00000
714.62502	0.00000
714.63002	0.00000
714.63502	0.00000
714.64002	4494.93601
714.64502	90355.56429
714.65002	91690.12734
714.65502	6144.88901
714.66002	0.00000
714.66502	720369.23330
714.67002	5944188.75582
714.67502	11641987.20054
714.68002	6630536.62463
714.68502	1361488.96674
714.69002	583321.48981
714.69502	330066.72532
714.70002	32699.97177
714.70502	0.00000
714.71002	0.00000
714.71502	0.00000
714.72002	0.00000
714.72502	0.00000
714.73002	0.00000
714.73502	0.00000
714.74002	0.00000
714.74502	0.00000
714.75002	0.00000
714.75502	0.00000
714.76002	0.00000
714.76502	0.00000
714.77002	0.00000
714.77502	96773.12379
714.78002	585709.23791
714.78502	827845.39568
714.79002	223500.94002
714.79502	7429.72036
714.80002	0.00000
714.80502	0.00000
714.81002	0.00000
714.81502	0.00000
714.82002	0.00000
714.82502	0.00000
714.83002	4327.10481
714.83502	404050.55813
714.84002	2169708.03352
714.84502	3012071.73839
714.85002	1107002.96710
714.85502	156421.32744
714.86002	390027.74057
714.86502	397807.59108
714.87002	62978.59485
714.87502	0.00000
714.88002	0.00000
714.88502	0.00000
714.89002	0.00000
714.89502	0.00000
714.90002	0.00000
714.90502	0.00000
714.91002	0.00000
714.91502	0.00000
714.92002	0.00000
714.92502	0.00000
714.93002	0.00000
714.93502	0.00000
714.94002	0.00000
714.94502	0.00000
714.95002	0.00000
714.95502	0.00000
714.96002	0.00000
714.96502	0.00000
714.97002	0.00000
714.97502	53097.42441
714.98002	688807.38498
714.98502	1068631.62631
714.99002	357764.66720
714.99502	49971.59968
715.00002	1442679.81253
715.00502	4693843.68193
715.01002	5027798.66287
715.01502	1797767.41111
715.02002	151097.81110
715.02502	195650.66137
715.03002	135277.29857
715.03502	0.00000
715.04002	0.00000
715.04502	0.00000
715.05002	0.00000
715.05502	0.00000
715.06002	0.00000
715.06502	0.00000
715.07002	0.00000
715.07502	0.00000
715.08002	0.00000
715.08502	0.00000
715.09002	0.00000
715.09502	0.00000
715.10002	0.00000
715.10502	0.00000
715.11002	0.00000
715.11502	0.00000
715.12002	0.00000
715.12502	0.00000
715.13002	0.00000
715.13502	0.00000
715.14002	0.00000
715.14502	0.00000
715.15002	0.00000
715.15502	0.00000
715.16002	0.00000
715.16502	0.00000
715.17002	0.00000
715.17502	0.00000
715.18002	134826.96271
715.18502	275723.00310
715.19002	157400.12740
715.19502	0.00000
715.20002	0.00000
715.20502	0.00000
715.21002	0.00000
715.21502	0.00000
715.22002	0.00000
715.22502	0.00000
715.23002	0.00000
715.23502	0.00000
715.24002	0.00000
715.24502	0.00000
715.25002	0.00000
715.25502	0.00000
715.26002	0.00000
715.26502	0.00000
715.27002	0.00000
715.27502	0.00000
715.28002	0.00000
715.28502	0.00000
715.29002	0.00000
715.29502	117805.20242
715.30002	414270.93301
715.30502	256065.12016
715.31002	21802.26587
715.31502	0.00000
715.32002	0.00000
715.32502	0.00000
715.33002	281305.04460
715.33502	2566095.19108
715.34002	5947424.97951
715.34502	4626341.53792
715.35002	1256383.20847
715.35502	231028.50975
715.36002	237713.26319
715.36502	110895.20502
715.37002	0.00000
715.37502	58939.48964
715.38002	215391.67222
715.38502	235894.37292
715.39002	114252.70122
715.39502	240912.21258
715.40002	858419.69746
715.40502	873672.80786
715.41002	234788.91196
715.41502	0.00000
715.42002	0.00000
715.42502	375.56647
715.43002	135847.88493
715.43502	776959.04308
715.44002	836138.88644
715.44502	197328.85882
715.45002	3412.37517
715.45502	0.00000
715.46002	0.00000
715.46502	0.00000
715.47002	0.00000
715.47502	0.00000
715.48002	0.00000
715.48502	0.00000
715.49002	0.00000
715.49502	0.00000
715.50002	0.00000
715.50502	0.00000
715.51002	0.00000
715.51502	0.00000
715.52002	0.00000
715.52502	1.13368
715.53002	66227.06680
715.53502	134169.88395
715.54002	41413.18022
715.54502	0.00000
715.55002	0.00000
715.55502	0.00000
715.56002	0.00000
715.56502	0.00000
715.57002	0.00000
715.57502	0.00000
715.58002	0.00000
715.58502	0.00000
715.59002	0.00000
715.59502	0.00000
715.60002	0.00000
715.60502	72062.40074
715.61002	144142.36921
715.61502	75527.10667
715.62002	0.00000
715.62502	0.00000
715.63002	0.00000
715.63502	0.00000
715.64002	0.00000
715.64502	0.00000
715.65002	0.00000
715.65502	0.00000
715.66002	76003.45750
715.66502	837730.41057
715.67002	1688257.16008
715.67502	1102525.53402
715.68002	277717.61325
715.68502	200586.59939
715.69002	217467.33491
715.69502	51518.86189
715.70002	3292.99090
715.70502	69495.66913
715.71002	102359.19646
715.71502	2629.24387
715.72002	0.00000
715.72502	0.00000
715.73002	0.00000
715.73502	0.00000
715.74002	0.00000
715.74502	0.00000
715.75002	0.00000
715.75502	0.00000
715.76002	0.00000
715.76502	0.00000
715.77002	0.00000
715.77502	0.00000
715.78002	0.00000
715.78502	0.00000
715.79002	0.00000
715.79502	0.00000
715.80002	0.00000
715.80502	0.00000
715.81002	0.00000
715.81502	0.00000
715.82002	0.00000
715.82502	0.00000
715.83002	102888.71058
715.83502	1946383.11445
715.84002	4206540.83152
715.84502	2548852.59015
715.85002	479330.28584
715.85502	98422.27878
715.86002	248665.75542
715.86502	210688.48891
715.87002	60267.63284
715.87502	0.00000
715.88002	0.00000
715.88502	0.00000
715.89002	0.00000
715.89502	0.00000
715.90002	0.00000
715.90502	0.00000
715.91002	0.00000
715.91502	0.00000
715.92002	0.00000
715.92502	0.00000
715.93002	0.00000
715.93502	0.00000
715.94002	0.00000
715.94502	0.00000
715.95002	0.00000
715.95502	0.00000
715.96002	0.00000
715.96502	0.00000
715.97002	0.00000
715.97502	0.00000
715.98002	0.00000
715.98502	0.00000
715.99002	2943.49142
715.99502	370606.90316
716.00002	1409300.87494
716.00502	1288555.50837
716.01002	478068.50619
716.01502	88300.02285
716.02002	107243.21048
716.02502	96984.23393
716.03002	0.00000
716.03502	0.00000
716.04002	0.00000
716.04502	0.00000
716.05002	0.00000
716.05502	0.00000
716.06002	0.00000
716.06502	0.00000
716.07002	0.00000
716.07502	0.00000
716.08002	0.00000
716.08502	0.00000
716.09002	0.00000
716.09502	0.00000
716.10002	0.00000
716.10502	0.00000
716.11002	0.00000
716.11502	0.00000
716.12002	51317.30474
716.12502	93389.93908
716.13002	13093.55881
716.13502	0.00000
716.14002	0.00000
716.14502	0.00000
716.15002	0.00000
716.15502	0.00000
716.16002	35309.86860
716.16502	140561.87014
716.17002	127994.21788
716.17502	0.00000
716.18002	0.00000
716.18502	0.00000
716.19002	0.00000
716.19502	0.00000
716.20002	0.00000
716.20502	0.00000
716.21002	0.00000
716.21502	0.00000
716.22002	36926.17689
716.22502	159257.92713
716.23002	115100.64082
716.23502	3202.57081
716.24002	0.00000
716.24502	0.00000
716.25002	0.00000
716.25502	0.00000
716.26002	0.00000
716.26502	0.00000
716.27002	0.00000
716.27502	0.00000
716.28002	0.00000
716.28502	0.00000
716.29002	0.00000
716.29502	0.00000
716.30002	61172.77541
716.30502	149598.39360
716.31002	27791.65924
716.31502	0.00000
716.32002	11103.72232
716.32502	667756.17191
716.33002	3461177.52616
716.33502	6170704.46955
716.34002	5167395.86268
716.34502	2472262.42776
716.35002	574139.02731
716.35502	87523.11518
716.36002	374136.56612
716.36502	451675.88153
716.37002	142400.62738
716.37502	37673.99887
716.38002	174108.07844
716.38502	150844.87007
716.39002	100829.10485
716.39502	322312.33136
716.40002	713570.76413
716.40502	472925.32627
716.41002	72054.98746
716.41502	0.00000
716.42002	0.00000
716.42502	0.00000
716.43002	0.00000
716.43502	210220.31426
716.44002	297340.65832
716.44502	109355.89767
716.45002	6683.81287
716.45502	0.00000
716.46002	0.00000
716.46502	0.00000
716.47002	0.00000
716.47502	0.00000
716.48002	0.00000
716.48502	0.00000
716.49002	0.00000
716.49502	0.00000
716.50002	20279.08281
716.50502	329437.49190
716.51002	436711.96613
716.51502	155983.13400
716.52002	0.00000
716.52502	0.00000
716.53002	0.00000
716.53502	0.00000
716.54002	0.00000
716.54502	0.00000
716.55002	0.00000
716.55502	0.00000
716.56002	0.00000
716.56502	0.00000
716.57002	0.00000
716.57502	0.00000
716.58002	0.00000
716.58502	0.00000
716.59002	0.00000
716.59502	0.00000
716.60002	49574.71538
716.60502	113020.57790
716.61002	72121.04378
716.61502	0.00000
716.62002	0.00000
716.62502	0.00000
716.63002	0.00000
716.63502	0.00000
716.64002	0.00000
716.64502	72245.04477
716.65002	567316.85514
716.65502	2593965.88606
716.66002	18752521.97324
716.66502	44854758.04881
716.67002	27987227.58065
716.67502	4209984.04931
716.68002	1991.39735
716.68502	20194.70200
716.69002	192469.36705
716.69502	117023.02354
716.70002	5168.80398
716.70502	0.00000
716.71002	0.00000
716.71502	6859.37505
716.72002	98952.60466
716.72502	274940.51103
716.73002	305713.24571
716.73502	151121.47408
716.74002	16828.49619
716.74502	0.00000
716.75002	0.00000
716.75502	0.00000
716.76002	0.00000
716.76502	0.00000
716.77002	0.00000
716.77502	0.00000
716.78002	0.00000
716.78502	0.00000
716.79002	63344.54860
716.79502	123571.30419
716.80002	58140.81118
716.80502	0.00000
716.81002	0.00000
716.81502	0.00000
716.82002	0.00000
716.82502	0.00000
716.83002	510373.38105
716.83502	2035437.44129
716.84002	2606071.67730
716.84502	1212220.03486
716.85002	139038.78816
716.85502	0.00000
716.86002	39254.97253
716.86502	93971.86118
716.87002	62181.54603
716.87502	0.00000
716.88002	0.00000
716.88502	0.00000
716.89002	0.00000
716.89502	0.00000
716.90002	0.00000
716.90502	0.00000
716.91002	0.00000
716.91502	0.00000
716.92002	0.00000
716.92502	0.00000
716.93002	75075.05619
716.93502	434784.24302
716.94002	536854.30508
716.94502	143515.03119
716.95002	4009.16555
716.95502	0.00000
716.96002	0.00000
716.96502	0.00000
716.97002	0.00000
716.97502	0.00000
716.98002	0.00000
716.98502	452216.09436
716.99002	3315337.99095
716.99502	22733851.32295
717.00002	45926128.65914
717.00502	24220222.57119
717.01002	3051933.36563
717.01502	113315.46769
717.02002	136336.17479
717.02502	82644.50313
717.03002	0.00000
717.03502	0.00000
717.04002	0.00000
717.04502	0.00000
717.05002	0.00000
717.05502	0.00000
717.06002	84642.04635
717.06502	241954.95327
717.07002	158669.29637
717.07502	112069.48839
717.08002	282239.81226
717.08502	146946.06732
717.09002	0.00000
717.09502	0.00000
717.10002	0.00000
717.10502	0.00000
717.11002	0.00000
717.11502	0.00000
717.12002	130846.93584
717.12502	121755.58535
717.13002	0.00000
717.13502	0.00000
717.14002	0.00000
717.14502	0.00000
717.15002	0.00000
717.15502	0.00000
717.16002	0.00000
717.16502	0.00000
717.17002	0.00000
717.17502	0.00000
717.18002	0.00000
717.18502	0.00000
717.19002	0.00000
717.19502	0.00000
717.20002	0.00000
717.20502	0.00000
717.21002	8489.72576
717.21502	291469.49268
717.22002	751564.53780
717.22502	606670.59023
717.23002	117445.29044
717.23502	0.00000
717.24002	0.00000
717.24502	0.00000
717.25002	0.00000
717.25502	0.00000
717.26002	0.00000
717.26502	0.00000
717.27002	0.00000
717.27502	0.00000
717.28002	0.00000
717.28502	0.00000
717.29002	0.00000
717.29502	0.00000
717.30002	0.00000
717.30502	0.00000
717.31002	0.00000
717.31502	0.00000
717.32002	149313.25796
717.32502	2392129.28498
717.33002	15173986.94663
717.33502	26765880.51849
717.34002	12716639.28419
717.34502	1430572.43827
717.35002	71562.73351
717.35502	400392.73321
717.36002	632025.57300
717.36502	683195.57951
717.37002	344906.15448
717.37502	66839.26687
717.38002	136456.43426
717.38502	194255.54100
717.39002	21527.64839
717.39502	223709.03359
717.40002	368879.76911
717.40502	195974.21807
717.41002	93287.72508
717.41502	127788.10426
717.42002	31553.69055
717.42502	21000.56081
717.43002	154812.57096
717.43502	180759.45298
717.44002	51632.39182
717.44502	0.00000
717.45002	0.00000
717.45502	0.00000
717.46002	0.00000
717.46502	0.00000
717.47002	0.00000
717.47502	0.00000
717.48002	0.00000
717.48502	0.00000
717.49002	0.00000
717.49502	0.00000
717.50002	72063.75851
717.50502	444277.68278
717.51002	423615.39103
717.51502	23047.36576
717.52002	0.00000
717.52502	0.00000
717.53002	0.00000
717.53502	0.00000
717.54002	0.00000
717.54502	0.00000
717.55002	0.00000
717.55502	0.00000
717.56002	0.00000
717.56502	0.00000
717.57002	0.00000
717.57502	0.00000
717.58002	0.00000
717.58502	0.00000
717.59002	0.00000
717.59502	0.00000
717.60002	0.00000
717.60502	0.00000
717.61002	67795.90221
717.61502	194738.81791
717.62002	59340.76679
717.62502	0.00000
717.63002	0.00000
717.63502	0.00000
717.64002	0.00000
717.64502	16752.36556
717.65002	160493.89197
717.65502	197724.28073
717.66002	1577297.16574
717.66502	7088360.01064
717.67002	9077199.33968
717.67502	3053525.96911
717.68002	177553.68007
717.68502	0.00000
717.69002	0.00000
717.69502	0.00000
717.70002	0.00000
717.70502	0.00000
717.71002	0.00000
717.71502	0.00000
717.72002	0.00000
717.72502	0.00000
717.73002	0.00000
717.73502	0.00000
717.74002	0.00000
717.74502	0.00000
717.75002	0.00000
717.75502	0.00000
717.76002	0.00000
717.76502	0.00000
717.77002	0.00000
717.77502	0.00000
717.78002	28494.07406
717.78502	167221.97528
717.79002	228973.41428
717.79502	165845.00472
717.80002	28582.50220
717.80502	0.00000
717.81002	0.00000
717.81502	0.00000
717.82002	0.00000
717.82502	1628.69100
717.83002	265126.90626
717.83502	607496.68321
717.84002	315707.52823
717.84502	236421.56786
717.85002	633706.80687
717.85502	183902.43843
717.86002	127622.42974
717.86502	140289.95157
717.87002	42327.95064
717.87502	0.00000
717.88002	59469.29919
717.88502	198078.38056
717.89002	184800.78278
717.89502	34000.88954
717.90002	0.00000
717.90502	0.00000
717.91002	0.00000
717.91502	0.00000
717.92002	0.00000
717.92502	543.70311
717.93002	117781.60642
717.93502	244754.76746
717.94002	106990.99311
717.94502	3816.92452
717.95002	0.00000
717.95502	0.00000
717.96002	0.00000
717.96502	0.00000
717.97002	0.00000
717.97502	0.00000
717.98002	0.00000
717.98502	0.00000
717.99002	12938.98906
717.99502	544667.73276
718.00002	2469867.19556
718.00502	2678601.23506
718.01002	719180.74587
718.01502	32128.22163
718.02002	0.00000
718.02502	0.00000
718.03002	0.00000
718.03502	0.00000
718.04002	0.00000
718.04502	0.00000
718.05002	0.00000
718.05502	0.00000
718.06002	0.00000
718.06502	0.00000
718.07002	48845.07353
718.07502	171915.23972
718.08002	126881.65011
718.08502	15591.98933
718.09002	0.00000
718.09502	0.00000
718.10002	0.00000
718.10502	0.00000
718.11002	0.00000
718.11502	0.00000
718.12002	0.00000
718.12502	0.00000
718.13002	0.00000
718.13502	0.00000
718.14002	0.00000
718.14502	0.00000
718.15002	0.00000
718.15502	0.00000
718.16002	0.00000
718.16502	0.00000
718.17002	0.00000
718.17502	0.00000
718.18002	0.00000
718.18502	0.00000
718.19002	0.00000
718.19502	0.00000
718.20002	0.00000
718.20502	0.00000
718.21002	0.00000
718.21502	0.00000
718.22002	0.00000
718.22502	0.00000
718.23002	0.00000
718.23502	0.00000
718.24002	0.00000
718.24502	0.00000
718.25002	0.00000
718.25502	0.00000
718.26002	0.00000
718.26502	0.00000
718.27002	0.00000
718.27502	0.00000
718.28002	0.00000
718.28502	0.00000
718.29002	0.00000
718.29502	62812.60806
718.30002	75856.22560
718.30502	36848.75061
718.31002	0.00000
718.31502	0.00000
718.32002	0.00000
718.32502	0.00000
718.33002	161511.76123
718.33502	513595.12641
718.34002	501132.56028
718.34502	1137933.18774
718.35002	1601484.77241
718.35502	709464.14960
718.36002	213642.66328
718.36502	182867.64243
718.37002	48743.71566
718.37502	0.00000
718.38002	55024.76396
718.38502	137101.59945
718.39002	156264.92119
718.39502	216133.42319
718.40002	253316.72016
718.40502	58968.77273
718.41002	79248.14895
718.41502	62081.27225
718.42002	28894.04676
718.42502	268034.26258
718.43002	425469.49932
718.43502	149996.95687
718.44002	5410.42050
718.44502	0.00000
718.45002	0.00000
718.45502	0.00000
718.46002	4367.43849
718.46502	166305.90632
718.47002	197391.83607
718.47502	75090.79553
718.48002	0.00000
718.48502	0.00000
718.49002	0.00000
718.49502	18083.04139
718.50002	157856.49809
718.50502	241591.45865
718.51002	83946.54227
718.51502	0.00000
718.52002	0.00000
718.52502	0.00000
718.53002	0.00000
718.53502	0.00000
718.54002	0.00000
718.54502	0.00000
718.55002	0.00000
718.55502	0.00000
718.56002	0.00000
718.56502	0.00000
718.57002	0.00000
718.57502	0.00000
718.58002	0.00000
718.58502	0.00000
718.59002	0.00000
718.59502	0.00000
718.60002	0.00000
718.60502	0.00000
718.61002	0.00000
718.61502	0.00000
718.62002	0.00000
718.62502	0.00000
718.63002	0.00000
718.63502	0.00000
718.64002	0.00000
718.64502	0.00000
718.65002	0.00000
718.65502	0.00000
718.66002	0.00000
718.66502	0.00000
718.67002	0.00000
718.67502	0.00000
718.68002	0.00000
718.68502	50535.24266
718.69002	214629.81123
718.69502	152359.54699
718.70002	5453.82131
718.70502	62169.57231
718.71002	119235.54581
718.71502	57000.60840
718.72002	0.00000
718.72502	0.00000
718.73002	0.00000
718.73502	0.00000
718.74002	0.00000
718.74502	0.00000
718.75002	0.00000
718.75502	0.00000
718.76002	0.00000
718.76502	0.00000
718.77002	0.00000
718.77502	0.00000
718.78002	0.00000
718.78502	0.00000
718.79002	49942.07256
718.79502	139232.46738
718.80002	115942.43866
718.80502	0.00000
718.81002	0.00000
718.81502	0.00000
718.82002	0.00000
718.82502	0.00000
718.83002	0.00000
718.83502	0.00000
718.84002	3179.12220
718.84502	408819.56444
718.85002	810234.78311
718.85502	851561.88402
718.86002	3265919.51842
718.86502	5817513.31429
718.87002	2752802.02251
718.87502	249808.20501
718.88002	0.00000
718.88502	56305.61653
718.89002	122587.49947
718.89502	47355.58201
718.90002	0.00000
718.90502	0.00000
718.91002	0.00000
718.91502	0.00000
718.92002	0.00000
718.92502	0.00000
718.93002	0.00000
718.93502	0.00000
718.94002	0.00000
718.94502	0.00000
718.95002	0.00000
718.95502	0.00000
718.96002	0.00000
718.96502	0.00000
718.97002	0.00000
718.97502	0.00000
718.98002	0.00000
718.98502	0.00000
718.99002	0.00000
718.99502	182.19471
719.00002	61559.90316
719.00502	112550.87167
719.01002	26675.53198
719.01502	0.00000
719.02002	0.00000
719.02502	0.00000
719.03002	0.00000
719.03502	30513.43597
719.04002	168031.46587
719.04502	172696.49562
719.05002	41075.78620
719.05502	0.00000
719.06002	0.00000
719.06502	0.00000
719.07002	0.00000
719.07502	0.00000
719.08002	0.00000
719.08502	0.00000
719.09002	0.00000
719.09502	0.00000
719.10002	0.00000
719.10502	0.00000
719.11002	0.00000
719.11502	0.00000
719.12002	0.00000
719.12502	0.00000
719.13002	0.00000
719.13502	0.00000
719.14002	0.00000
719.14502	0.00000
719.15002	0.00000
719.15502	0.00000
719.16002	0.00000
719.16502	110084.25844
719.17002	146103.33705
719.17502	0.00000
719.18002	0.00000
719.18502	0.00000
719.19002	0.00000
719.19502	0.00000
719.20002	0.00000
719.20502	0.00000
719.21002	0.00000
719.21502	0.00000
719.22002	0.00000
719.22502	0.00000
719.23002	0.00000
719.23502	0.00000
719.24002	0.00000
719.24502	0.00000
719.25002	0.00000
719.25502	0.00000
719.26002	0.00000
719.26502	0.00000
719.27002	0.00000
719.27502	0.00000
719.28002	0.00000
719.28502	0.00000
719.29002	0.00000
719.29502	0.00000
719.30002	0.00000
719.30502	50693.49565
719.31002	147107.78869
719.31502	70987.25165
719.32002	0.00000
719.32502	0.00000
